nome,posicao,naturalidade,clube,idade
Aaron Ramsdale,Goleiro,England,Arsenal FC,25
Aaron Wan-Bissaka,Lateral direito,England,Manchester United,25
Abde Ezzalzouli,Meia esquerdo,Morocco,Real Betis Balompié,21
Abdoulaye Kamara,Volante,France,Borussia Dortmund,18
Abdulaziz Al-Aliwa,Meia esquerdo,Saudi Arabia,Al-Nassr FC,19
Abdulbasit Hindi,Zagueiro,Saudi Arabia,Al-Ahli SFC,26
Abdulelah Al-Amri,Zagueiro,Saudi Arabia,Al-Nassr FC,26
Abdulelah Al-Malki,Volante,Saudi Arabia,Al-Hilal SFC,29
Abdulkarim Darisi,Midfield,Saudi Arabia,Al-Ahli SFC,20
Abdullah Abdo,Goleiro,Saudi Arabia,Al-Ahli SFC,21
Abdullah Al-Ammar,Lateral esquerdo,Saudi Arabia,Al-Ahli SFC,29
Abdullah Al-Hamdan,Centroavante,Saudi Arabia,Al-Hilal SFC,24
Abdullah Al-Khaibari,Volante,Saudi Arabia,Al-Nassr FC,27
Abdullah Madu,Zagueiro,Saudi Arabia,Al-Nassr FC,30
Abdullah Otayf,Volante,Saudi Arabia,Al-Ahli SFC,31
Abdulmajeed Al-Sulaiheem,Meia,Saudi Arabia,Al-Nassr FC,29
Abdulrahman Al-Sanbi,Goleiro,Saudi Arabia,Al-Ahli SFC,22
Abdulrahman Ghareeb,Meia esquerdo,Saudi Arabia,Al-Nassr FC,26
Abdülkerim Bardakcı,Zagueiro,Turkey,Galatasaray,29
Abner,Lateral esquerdo,Brazil,Real Betis Balompié,23
Achraf Hakimi,Lateral direito,Morocco,Paris Saint-Germain,24
Adam Hlozek,Centroavante,Czech Republic,Bayer 04 Leverkusen,21
Adrien Rabiot,Meia,France,Juventus FC,28
Adrien Truffert,Lateral esquerdo,France,Stade Rennais FC,21
Adrián,Goleiro,Spain,Liverpool FC,36
Adu Ares,Meia esquerdo,Spain,Athletic Bilbao,22
Agustín Canobbio,Meia direito,Uruguay,Club Athletico Paranaense,25
Agustín Rossi,Goleiro,Argentina,CR Flamengo,28
Ahmad Abu Rasen,Goleiro,Saudi Arabia,Al-Hilal SFC,19
Ahmed Al-Nakhli,Lateral esquerdo,Saudi Arabia,Al-Ahli SFC,21
Aidi Fulangxisi,Lateral esquerdo,China,Shanghai Shenhua,32
Aihen Muñoz,Lateral esquerdo,Spain,Real Sociedad,26
Aitor Paredes,Zagueiro,Spain,Athletic Bilbao,23
Aitor Ruibal,Meia direito,Spain,Real Betis Balompié,27
Alan Franco,Zagueiro,Argentina,São Paulo Futebol Clube,27
Alan Franco,Meia,Ecuador,Clube Atlético Mineiro,25
Alan Kardec,Centroavante,Brazil,Clube Atlético Mineiro,34
Alejandro Balde,Lateral esquerdo,Spain,FC Barcelona,20
Alejandro Garnacho,Meia esquerdo,Argentina,Manchester United,19
Alejandro Grimaldo,Lateral esquerdo,Spain,Bayer 04 Leverkusen,28
Aleksandar Mitrovic,Centroavante,Serbia,Al-Hilal SFC,29
Aleksandar Pavlovic,Volante,Germany,Bayern Munich,19
Aleksandr Golovin,Meia atacante,Russia,AS Monaco,27
Alessandro Bastoni,Zagueiro,Italy,Inter Milan,24
Alessandro Florenzi,Lateral direito,Italy,AC Milan,32
Alessandro Zanoli,Lateral direito,Italy,SSC Napoli,23
Alessio Zerbin,Meia esquerdo,Italy,SSC Napoli,24
Alex Meret,Goleiro,Italy,SSC Napoli,26
Alex Sandro,Lateral esquerdo,Brazil,Juventus FC,32
Alex Santana,Meia,Brazil,Club Athletico Paranaense,28
Alex Schalk,Centroavante,Netherlands,Urawa Red Diamonds,30
Alex Telles,Lateral esquerdo,Brazil,Al-Nassr FC,30
Alexander Djiku,Zagueiro,Ghana,Fenerbahce,29
Alexander Meyer,Goleiro,Germany,Borussia Dortmund,32
Alexander Scholz,Zagueiro,Denmark,Urawa Red Diamonds,30
Alexandre Letellier,Goleiro,France,Paris Saint-Germain,32
Alexandre Pato,Centroavante,Brazil,São Paulo Futebol Clube,34
Alexis Beka Beka,Volante,France,OGC Nice,22
Alexis Claude-Maurice,Meia atacante,France,OGC Nice,25
Alexis Mac Allister,Meia,Argentina,Liverpool FC,24
Alexis Sánchez,Centroavante,Chile,Inter Milan,34
Alexsander,Volante,Brazil,Fluminense Football Club,20
Ali Al-Asmari,Volante,Saudi Arabia,Al-Ahli SFC,26
Ali Al-Bulayhi,Zagueiro,Saudi Arabia,Al-Hilal SFC,33
Ali Al-Hassan,Volante,Saudi Arabia,Al-Nassr FC,26
Ali Lajami,Zagueiro,Saudi Arabia,Al-Nassr FC,27
Ali Majrashi,Lateral direito,Saudi Arabia,Al-Ahli SFC,24
Ali Turap Bülbül,Lateral direito,Turkey,Galatasaray,18
Ali Yeşilyurt,Zagueiro,Turkey,Galatasaray,18
Aliou Baldé,Meia esquerdo,Senegal,OGC Nice,20
Alisson,Goleiro,Brazil,Liverpool FC,31
Alisson,Meia,Brazil,São Paulo Futebol Clube,30
Allan,Volante,Brazil,CR Flamengo,26
Allan Saint-Maximin,Meia esquerdo,France,Al-Ahli SFC,26
Alphonso Davies,Lateral esquerdo,Canada,Bayern Munich,22
Altay Bayındır,Goleiro,Turkey,Manchester United,25
Amad Diallo,Meia direito,Cote d'Ivoire,Manchester United,21
Amadou Haidara,Meia,Mali,RB Leipzig,25
Amidou Doumbouya,Zagueiro,France,OGC Nice,16
Amin Sarr,Centroavante,Sweden,VfL Wolfsburg,22
Amine Adli,Meia direito,Morocco,Bayer 04 Leverkusen,23
Amine Gouiri,Centroavante,Algeria,Stade Rennais FC,23
Amine Harit,Meia atacante,Morocco,Olympique Marseille,26
Amir Murillo,Lateral direito,Panama,Olympique Marseille,27
Amir Rrahmani,Zagueiro,Kosovo,SSC Napoli,29
Ander Barrenetxea,Meia esquerdo,Spain,Real Sociedad,21
Ander Herrera,Meia,Spain,Athletic Bilbao,34
Andrea Belotti,Centroavante,Italy,AS Roma,29
Andrea Cambiaso,Lateral esquerdo,Italy,Juventus FC,23
Andreas Christensen,Zagueiro,Denmark,FC Barcelona,27
Andrew Robertson,Lateral esquerdo,Scotland,Liverpool FC,29
Andriy Lunin,Goleiro,Ukraine,Real Madrid,24
André,Volante,Brazil,Fluminense Football Club,22
André Onana,Goleiro,Cameroon,Manchester United,27
André Silva,Centroavante,Portugal,Real Sociedad,27
Andrés Guardado,Meia,Mexico,Real Betis Balompié,37
Ang Li,Zagueiro,China,Shanghai Port,29
Angeliño,Lateral esquerdo,Spain,Galatasaray,26
Anthony Martial,Centroavante,France,Manchester United,27
Antoine Mendy,Lateral direito,France,OGC Nice,19
Antonio Mirante,Goleiro,Italy,AC Milan,40
Antonio Rüdiger,Zagueiro,Germany,Real Madrid,30
Antonios Papadopoulos,Zagueiro,Germany,Borussia Dortmund,24
Antony,Meia direito,Brazil,Manchester United,23
Arda Güler,Meia atacante,Turkey,Real Madrid,18
Aritz Elustondo,Zagueiro,Spain,Real Sociedad,29
Arkadiusz Milik,Centroavante,Poland,Juventus FC,29
Armando Broja,Centroavante,Albania,Chelsea FC,22
Arnau Tenas,Goleiro,Spain,Paris Saint-Germain,22
Arnaud Kalimuendo,Centroavante,France,Stade Rennais FC,21
Arsen Zakharyan,Meia atacante,Russia,Real Sociedad,20
Arthur,Lateral direito,Brazil,Bayer 04 Leverkusen,20
Arthur Theate,Zagueiro,Belgium,Stade Rennais FC,23
Artur,Meia direito,Brazil,Sociedade Esportiva Palmeiras,25
Arturo Vidal,Meia,Chile,Club Athletico Paranaense,36
Asier Villalibre,Centroavante,Spain,Athletic Bilbao,26
Assane Diao,Meia esquerdo,Spain,Real Betis Balompié,18
Aster Vranckx,Meia,Belgium,VfL Wolfsburg,21
Atakan Ordu,Goleiro,Turkey,Galatasaray,18
Atsuki Ito,Volante,Japan,Urawa Red Diamonds,24
Aurélien Tchouaméni,Volante,France,Real Madrid,23
Axel Disasi,Zagueiro,France,Chelsea FC,25
Ayman Aourir,Meia atacante,Morocco,Bayer 04 Leverkusen,19
Ayman Fallatah,Midfield,Saudi Arabia,Al-Ahli SFC,20
Ayman Yahya,Meia direito,Saudi Arabia,Al-Nassr FC,22
Aymeric Laporte,Zagueiro,Spain,Al-Nassr FC,29
Ayoub Amraoui,Lateral esquerdo,Morocco,OGC Nice,19
Ayoze Pérez,Meia esquerdo,Spain,Real Betis Balompié,30
Ayrton Lucas,Lateral esquerdo,Brazil,CR Flamengo,26
Ayumi Niekawa,Goleiro,Japan,Urawa Red Diamonds,28
Ayumu Ohata,Lateral esquerdo,Japan,Urawa Red Diamonds,21
Azzedine Ounahi,Meia,Morocco,Olympique Marseille,23
Badredine Bouanani,Meia direito,Algeria,OGC Nice,18
Bamo Meïté,Zagueiro,Cote d'Ivoire,Olympique Marseille,21
Baptiste Santamaria,Volante,France,Stade Rennais FC,28
Baran Demiroğlu,Centroavante,Turkey,Galatasaray,18
Bartuğ Elmaz,Volante,Turkey,Fenerbahce,20
Barış Alper Yılmaz,Meia direito,Turkey,Galatasaray,23
Bassam Al-Hurayji,Lateral direito,Saudi Arabia,Al-Ahli SFC,23
Ben Chilwell,Lateral esquerdo,England,Chelsea FC,26
Ben Doak,Meia direito,Scotland,Liverpool FC,17
Ben White,Lateral direito,England,Arsenal FC,26
Benjamin Bourigeaud,Meia,France,Stade Rennais FC,29
Benjamin Henrichs,Lateral direito,Germany,RB Leipzig,26
Benjamin Pavard,Zagueiro,France,Inter Milan,27
Benjamin Sesko,Centroavante,Slovenia,RB Leipzig,20
Benoît Badiashile,Zagueiro,France,Chelsea FC,22
Bento,Goleiro,Brazil,Club Athletico Paranaense,24
Bernardo Silva,Meia atacante,Portugal,Manchester City,29
Bertuğ Yıldırım,Centroavante,Turkey,Stade Rennais FC,21
Beñat Prados,Meia,Spain,Athletic Bilbao,22
Beñat Turrientes,Meia,Spain,Real Sociedad,21
Bilal Nadir,Meia,France,Olympique Marseille,19
Biro,Meia direito,Brazil,Sport Club Corinthians Paulista,19
Bizhen He,Defence,China,Shanghai Shenhua,20
Bono,Goleiro,Morocco,Al-Hilal SFC,32
Borja Iglesias,Centroavante,Spain,Real Betis Balompié,30
Bouna Sarr,Lateral direito,Senegal,Bayern Munich,31
Bradley Barcola,Meia direito,France,Paris Saint-Germain,21
Brahim Díaz,Meia atacante,Spain,Real Madrid,24
Brais Méndez,Meia atacante,Spain,Real Sociedad,26
Breel Embolo,Centroavante,Switzerland,AS Monaco,26
Bremer,Zagueiro,Brazil,Juventus FC,26
Breno Lopes,Meia esquerdo,Brazil,Sociedade Esportiva Palmeiras,27
Bright Osayi-Samuel,Lateral direito,Nigeria,Fenerbahce,25
Bruno Fernandes,Meia atacante,Portugal,Manchester United,29
Bruno Fuchs,Zagueiro,Brazil,Clube Atlético Mineiro,24
Bruno Henrique,Meia esquerdo,Brazil,CR Flamengo,32
Bruno Méndez,Zagueiro,Uruguay,Sport Club Corinthians Paulista,24
Bruno Peres,Lateral direito,Brazil,Club Athletico Paranaense,33
Bruno Zapelli,Meia atacante,Argentina,Club Athletico Paranaense,21
Bryan Cristante,Volante,Italy,AS Roma,28
Bryan Linssen,Centroavante,Netherlands,Urawa Red Diamonds,32
Bukayo Saka,Meia direito,England,Arsenal FC,22
Bálint Vécsei,Meia,Hungary,Vissel Kobe,30
Cacá,Zagueiro,Brazil,Club Athletico Paranaense,24
Cadu,Centroavante,Brazil,Clube Atlético Mineiro,19
Caetano,Zagueiro,Brazil,Sport Club Corinthians Paulista,24
Caio Henrique,Lateral esquerdo,Brazil,AS Monaco,26
Caio Paulista,Lateral esquerdo,Brazil,São Paulo Futebol Clube,25
Caio Vinicius,Volante,Brazil,Fluminense Football Club,24
Caoimhín Kelleher,Goleiro,Ireland,Liverpool FC,24
Carlo Pinsoglio,Goleiro,Italy,Juventus FC,33
Carlos Augusto,Left Midfield,Brazil,Inter Milan,24
Carlos Fernández,Centroavante,Spain,Real Sociedad,27
Carlos Miguel,Goleiro,Brazil,Sport Club Corinthians Paulista,25
Carlos Soler,Meia,Spain,Paris Saint-Germain,26
Carney Chukwuemeka,Meia,England,Chelsea FC,20
Casemiro,Volante,Brazil,Manchester United,31
Castello Lukeba,Zagueiro,France,RB Leipzig,20
Cengiz Ünder,Meia direito,Turkey,Fenerbahce,26
Cephas Malele,Centroavante,Switzerland,Shanghai Shenhua,29
Chadi Riad,Zagueiro,Morocco,Real Betis Balompié,20
Chaka Traorè,Meia esquerdo,Cote d'Ivoire,AC Milan,18
Chancel Mbemba,Zagueiro,DR Congo,Olympique Marseille,29
Chenjie Zhu,Zagueiro,China,Shanghai Shenhua,23
Cher Ndour,Meia,Italy,Paris Saint-Germain,19
Chris Smalling,Zagueiro,England,AS Roma,33
Chrislain Matsima,Zagueiro,France,AS Monaco,21
Christian,Meia,Brazil,Club Athletico Paranaense,22
Christian Bassogog,Meia direito,Cameroon,Shanghai Shenhua,28
Christian Eriksen,Meia atacante,Denmark,Manchester United,31
Christian Pulisic,Meia direito,United States,AC Milan,25
Christoph Baumgartner,Meia atacante,Austria,RB Leipzig,24
Christopher Lenz,Lateral esquerdo,Germany,RB Leipzig,29
Christopher Nkunku,Meia atacante,France,Chelsea FC,25
Christopher Wooh,Zagueiro,Cameroon,Stade Rennais FC,22
Claudio Bravo,Goleiro,Chile,Real Betis Balompié,40
Cleiton,Zagueiro,Brazil,CR Flamengo,20
Cody Gakpo,Meia esquerdo,Netherlands,Liverpool FC,24
Cole Palmer,Meia atacante,England,Chelsea FC,21
Conor Bradley,Lateral direito,Northern Ireland,Liverpool FC,20
Conor Gallagher,Meia,England,Chelsea FC,23
Cristian Pavón,Meia esquerdo,Argentina,Clube Atlético Mineiro,27
Cristiano Ronaldo,Centroavante,Portugal,Al-Nassr FC,38
Curtis Jones,Meia,England,Liverpool FC,22
Cássio,Goleiro,Brazil,Sport Club Corinthians Paulista,36
Cédric Bakambu,Centroavante,DR Congo,Galatasaray,32
Cédric Soares,Lateral direito,Portugal,Arsenal FC,32
Cédric Zesiger,Zagueiro,Switzerland,VfL Wolfsburg,25
Daiju Sasaki,Meia atacante,Japan,Vissel Kobe,24
Daiya Maekawa,Goleiro,Japan,Vissel Kobe,29
Dani Ceballos,Meia,Spain,Real Madrid,27
Dani García,Meia,Spain,Athletic Bilbao,33
Dani Olmo,Meia atacante,Spain,RB Leipzig,25
Dani Vivian,Zagueiro,Spain,Athletic Bilbao,24
Daniel,Meia,Brazil,Fluminense Football Club,27
Daniel Carvajal,Lateral direito,Spain,Real Madrid,31
Daniel Peretz,Goleiro,Israel,Bayern Munich,23
Daniel Silva,Centroavante,Brazil,Sociedade Esportiva Palmeiras,19
Daniele Rugani,Zagueiro,Italy,Juventus FC,29
Danilo,Zagueiro,Brazil,Juventus FC,32
Danilo Pereira,Volante,Portugal,Paris Saint-Germain,32
Dante,Zagueiro,Brazil,OGC Nice,40
Daouda Traoré,Right Midfield,France,OGC Nice,17
Darwin Núñez,Centroavante,Uruguay,Liverpool FC,24
David,Meia esquerdo,Brazil,São Paulo Futebol Clube,28
David Alaba,Zagueiro,Austria,Real Madrid,31
David Braz,Zagueiro,Brazil,Fluminense Football Club,36
David Luiz,Zagueiro,Brazil,CR Flamengo,36
David Ospina,Goleiro,Colombia,Al-Nassr FC,35
David Raum,Lateral esquerdo,Germany,RB Leipzig,25
David Raya,Goleiro,Spain,Arsenal FC,28
Davide Calabria,Lateral direito,Italy,AC Milan,26
Davide Frattesi,Meia,Italy,Inter Milan,24
Davinson Sánchez,Zagueiro,Colombia,Galatasaray,27
Davy Klaassen,Meia,Netherlands,Inter Milan,30
Dayot Upamecano,Zagueiro,France,Bayern Munich,24
Declan Rice,Volante,England,Arsenal FC,24
Deivid Washington,Centroavante,Brazil,Chelsea FC,18
Denis Zakaria,Volante,Switzerland,AS Monaco,26
Denzel Dumfries,Right Midfield,Netherlands,Inter Milan,27
Diego Costa,Zagueiro,Brazil,São Paulo Futebol Clube,24
Diego Demme,Volante,Germany,SSC Napoli,31
Diego Llorente,Zagueiro,Spain,AS Roma,30
Diogo Barbosa,Lateral esquerdo,Brazil,Fluminense Football Club,31
Diogo Dalot,Lateral direito,Portugal,Manchester United,24
Diogo Jota,Meia esquerdo,Portugal,Liverpool FC,26
Djordje Petrovic,Goleiro,Serbia,Chelsea FC,24
Dominik Livakovic,Goleiro,Croatia,Fenerbahce,28
Dominik Szoboszlai,Meia,Hungary,Liverpool FC,22
Donny van de Beek,Meia,Netherlands,Manchester United,26
Donyell Malen,Meia direito,Netherlands,Borussia Dortmund,24
Dries Mertens,Second Striker,Belgium,Galatasaray,36
Dudu,Meia esquerdo,Brazil,Sociedade Esportiva Palmeiras,31
Dusan Tadic,Meia esquerdo,Serbia,Fenerbahce,34
Dušan Vlahović,Centroavante,Serbia,Juventus FC,23
Dzenan Pejcinovic,Centroavante,Germany,VfL Wolfsburg,18
Désiré Doué,Meia atacante,France,Stade Rennais FC,18
Edan Diop,Meia,France,AS Monaco,19
Eddie Nketiah,Centroavante,England,Arsenal FC,24
Edenilson,Meia,Brazil,Clube Atlético Mineiro,33
Ederson,Goleiro,Brazil,Manchester City,30
Edin Dzeko,Centroavante,Bosnia-Herzegovina,Fenerbahce,37
Edmond Tapsoba,Zagueiro,Burkina Faso,Bayer 04 Leverkusen,24
Edoardo Bove,Meia,Italy,AS Roma,21
Edouard Mendy,Goleiro,Senegal,Al-Ahli SFC,31
Eduard Atuesta,Meia,Colombia,Sociedade Esportiva Palmeiras,26
Eduardo Camavinga,Meia,France,Real Madrid,20
Eduardo Vargas,Centroavante,Chile,Clube Atlético Mineiro,33
Efe Akman,Volante,Turkey,Galatasaray,17
Ekanit Panya,Meia atacante,Thailand,Urawa Red Diamonds,23
El Chadaille Bitshiabu,Zagueiro,France,RB Leipzig,18
Eliesse Ben Seghir,Meia atacante,France,AS Monaco,18
Eliot Matazo,Meia,Belgium,AS Monaco,21
Eljif Elmas,Meia,North Macedonia,SSC Napoli,24
Emersonn,Meia direito,Brazil,Club Athletico Paranaense,19
Emil Audero,Goleiro,Italy,Inter Milan,26
Emil Forsberg,Meia atacante,Sweden,RB Leipzig,31
Emile Smith Rowe,Meia atacante,England,Arsenal FC,23
Emran Soglo,Meia,England,Olympique Marseille,18
Emre Can,Volante,Germany,Borussia Dortmund,29
Emre Mor,Meia direito,Turkey,Fenerbahce,26
Endrick,Centroavante,Brazil,Sociedade Esportiva Palmeiras,17
Enzo Fernández,Meia,Argentina,Chelsea FC,22
Enzo Le Fée,Meia atacante,France,Stade Rennais FC,23
Eric Maxim Choupo-Moting,Centroavante,Cameroon,Bayern Munich,34
Erick,Volante,Brazil,Club Athletico Paranaense,25
Erick Pulgar,Volante,Chile,CR Flamengo,29
Erison,Centroavante,Brazil,São Paulo Futebol Clube,24
Erling Haaland,Centroavante,Norway,Manchester City,23
Ernanduo Fei,Attack,China,Shanghai Shenhua,22
Ethan Mbappé,Meia,France,Paris Saint-Germain,16
Evan Ndicka,Zagueiro,Cote d'Ivoire,AS Roma,24
Evann Guessand,Centroavante,France,OGC Nice,22
Everson,Goleiro,Brazil,Clube Atlético Mineiro,33
Everton,Meia esquerdo,Brazil,CR Flamengo,27
Exequiel Palacios,Meia,Argentina,Bayer 04 Leverkusen,25
Eyüp Aydın,Volante,Germany,Galatasaray,19
Ezgjan Alioski,Lateral esquerdo,North Macedonia,Al-Ahli SFC,31
Fabian Rieder,Meia atacante,Switzerland,Stade Rennais FC,21
Fabinho,Volante,Brazil,Sociedade Esportiva Palmeiras,21
Fabio Miretti,Meia,Italy,Juventus FC,20
Fabián Ruiz,Meia,Spain,Paris Saint-Germain,27
Fabrício Bruno,Zagueiro,Brazil,CR Flamengo,27
Facundo Pellistri,Meia direito,Uruguay,Manchester United,21
Fagner,Lateral direito,Brazil,Sport Club Corinthians Paulista,34
Fahad Al-Rashidi,Meia direito,Saudi Arabia,Al-Ahli SFC,26
Fahd Al-Hamad,Zagueiro,Saudi Arabia,Al-Ahli SFC,25
Fausto Vera,Volante,Argentina,Sport Club Corinthians Paulista,23
Federico Chiesa,Meia esquerdo,Italy,Juventus FC,25
Federico Dimarco,Lateral esquerdo,Italy,Inter Milan,25
Federico Gatti,Zagueiro,Italy,Juventus FC,25
Federico Valverde,Meia,Uruguay,Real Madrid,25
Felipe Alves,Goleiro,Brazil,São Paulo Futebol Clube,35
Felipe Augusto,Centroavante,Brazil,Sport Club Corinthians Paulista,19
Felipe Melo,Zagueiro,Brazil,Fluminense Football Club,40
Felix Lange,Zagueiro,Germany,VfL Wolfsburg,19
Felix Nmecha,Meia,Germany,Borussia Dortmund,23
Ferdi Kadıoğlu,Lateral esquerdo,Turkey,Fenerbahce,24
Ferland Mendy,Lateral esquerdo,France,Real Madrid,28
Fermín López,Meia,Spain,FC Barcelona,20
Fernandinho,Volante,Brazil,Club Athletico Paranaense,38
Fernando,Lateral esquerdo,Brazil,Club Athletico Paranaense,24
Fernando Muslera,Goleiro,Uruguay,Galatasaray,37
Ferran Torres,Meia direito,Spain,FC Barcelona,23
Fikayo Tomori,Zagueiro,England,AC Milan,25
Filip Kostić,Left Midfield,Serbia,Juventus FC,30
Filipe Luís,Lateral esquerdo,Brazil,CR Flamengo,38
Firas Al-Buraikan,Centroavante,Saudi Arabia,Al-Ahli SFC,23
Florian Wirtz,Meia atacante,Germany,Bayer 04 Leverkusen,20
Folarin Balogun,Centroavante,United States,AS Monaco,22
Fran García,Lateral esquerdo,Spain,Real Madrid,24
Francesco Acerbi,Zagueiro,Italy,Inter Milan,35
Franck Kessié,Meia,Cote d'Ivoire,Al-Ahli SFC,26
Frank Anguissa,Meia,Cameroon,SSC Napoli,27
Frans Krätzig,Lateral esquerdo,Germany,Bayern Munich,20
François Mughe,Meia direito,Cameroon,Olympique Marseille,19
Fred,Meia,Brazil,Fenerbahce,30
Frenkie de Jong,Meia,Netherlands,FC Barcelona,26
Furkan Akyüz,Goleiro,Turkey,Fenerbahce,18
Fábio,Goleiro,Brazil,Fluminense Football Club,43
Fábio Carvalho,Meia atacante,Portugal,RB Leipzig,21
Fábio Santos,Lateral esquerdo,Brazil,Sport Club Corinthians Paulista,38
Fábio Vieira,Meia atacante,Portugal,Arsenal FC,23
Gabri Veiga,Meia,Spain,Al-Ahli SFC,21
Gabriel Barbosa,Centroavante,Brazil,CR Flamengo,27
Gabriel Delfim,Goleiro,Brazil,Clube Atlético Mineiro,21
Gabriel Jesus,Centroavante,Brazil,Arsenal FC,26
Gabriel Magalhães,Zagueiro,Brazil,Arsenal FC,25
Gabriel Martinelli,Meia esquerdo,Brazil,Arsenal FC,22
Gabriel Menino,Meia,Brazil,Sociedade Esportiva Palmeiras,23
Gabriel Moscardo,Volante,Brazil,Sport Club Corinthians Paulista,18
Gabriel Neves,Volante,Uruguay,São Paulo Futebol Clube,26
Gabriel Noga,Zagueiro,Brazil,CR Flamengo,21
Gabriel Pereira,Goleiro,Brazil,Club Athletico Paranaense,21
Ganso,Meia atacante,Brazil,Fluminense Football Club,34
Garcia,Lateral direito,Brazil,Sociedade Esportiva Palmeiras,21
Gauthier Gallon,Goleiro,France,Stade Rennais FC,30
Gavi,Meia,Spain,FC Barcelona,19
Gaëtan Laborde,Centroavante,France,OGC Nice,29
Gelson Martins,Meia direito,Portugal,AS Monaco,28
Geoffrey Kondogbia,Volante,Central African Republic,Olympique Marseille,30
Geoffrey Lembet,Goleiro,Central African Republic,Stade Rennais FC,35
Germán Cano,Centroavante,Argentina,Fluminense Football Club,35
Germán Pezzella,Zagueiro,Argentina,Real Betis Balompié,32
Gerson,Meia,Brazil,CR Flamengo,26
Giacomo Raspadori,Second Striker,Italy,SSC Napoli,23
Gianluca Gaetano,Meia atacante,Italy,SSC Napoli,23
Gianluca Mancini,Zagueiro,Italy,AS Roma,27
Gianluigi Donnarumma,Goleiro,Italy,Paris Saint-Germain,24
Gil,Zagueiro,Brazil,Sport Club Corinthians Paulista,36
Giorgian de Arrascaeta,Meia atacante,Uruguay,CR Flamengo,29
Giovane,Centroavante,Brazil,Sport Club Corinthians Paulista,19
Giovanni,Meia direito,Brazil,Fluminense Football Club,21
Giovanni Di Lorenzo,Lateral direito,Italy,SSC Napoli,30
Giovanni Reyna,Meia atacante,United States,Borussia Dortmund,20
Giovanni Simeone,Centroavante,Argentina,SSC Napoli,28
Giuliano,Meia,Brazil,Sport Club Corinthians Paulista,33
Giuliano Galoppo,Meia atacante,Argentina,São Paulo Futebol Clube,24
Gonçalo Ramos,Centroavante,Portugal,Paris Saint-Germain,22
Gorka Guruzeta,Centroavante,Spain,Athletic Bilbao,27
Gotoku Sakai,Lateral esquerdo,Japan,Vissel Kobe,32
Granit Xhaka,Volante,Switzerland,Bayer 04 Leverkusen,31
Gregor Kobel,Goleiro,Switzerland,Borussia Dortmund,25
Guga,Lateral direito,Brazil,Fluminense Football Club,25
Guido Rodríguez,Volante,Argentina,Real Betis Balompié,29
Guilherme Arana,Lateral esquerdo,Brazil,Clube Atlético Mineiro,26
Guillermo Maripán,Zagueiro,Chile,AS Monaco,29
Guillermo Varela,Lateral direito,Uruguay,CR Flamengo,30
Gustavo Gómez,Zagueiro,Paraguay,Sociedade Esportiva Palmeiras,30
Gustavo Mosquito,Meia direito,Brazil,Sport Club Corinthians Paulista,26
Gustavo Puerta,Meia,Colombia,Bayer 04 Leverkusen,20
Guéla Doué,Lateral direito,Cote d'Ivoire,Stade Rennais FC,21
Günay Güvenç,Goleiro,Turkey,Galatasaray,32
Habib Al-Wutaian,Goleiro,Saudi Arabia,Al-Hilal SFC,27
Hai Yu,Lateral esquerdo,China,Shanghai Port,35
Haijian Wang,Meia atacante,China,Shanghai Shenhua,23
Haitham Asiri,Meia direito,Saudi Arabia,Al-Ahli SFC,22
Hakan Çalhanoğlu,Volante,Turkey,Inter Milan,29
Hakim Ziyech,Meia atacante,Morocco,Galatasaray,30
Halil Dervişoğlu,Centroavante,Turkey,Galatasaray,23
Hamari Traoré,Lateral direito,Mali,Real Sociedad,31
Hamza Akman,Meia,Turkey,Galatasaray,19
Hanchao Yu,Meia esquerdo,China,Shanghai Shenhua,36
Hang Yu,Defence,China,Shanghai Shenhua,21
Hannibal,Meia atacante,Tunisia,Manchester United,20
Hans Nicolussi Caviglia,Meia,Italy,Juventus FC,23
Haoran Liu,Goleiro,China,Shanghai Shenhua,18
Haoyang Xu,Meia,China,Shanghai Shenhua,24
Harry Kane,Centroavante,England,Bayern Munich,30
Harry Maguire,Zagueiro,England,Manchester United,30
Haruya Ide,Meia atacante,Japan,Vissel Kobe,29
Harvey Elliott,Meia atacante,England,Liverpool FC,20
Hassan Tambakti,Zagueiro,Saudi Arabia,Al-Hilal SFC,24
Henrikh Mkhitaryan,Meia,Armenia,Inter Milan,34
Hicham Boudaoui,Meia,Algeria,OGC Nice,24
Hiroki Sakai,Lateral direito,Japan,Urawa Red Diamonds,32
Hotaru Yamaguchi,Volante,Japan,Vissel Kobe,33
Houssem Aouar,Meia,Algeria,AS Roma,25
Hubert Idasiak,Goleiro,Poland,SSC Napoli,21
Hugo Ekitiké,Centroavante,France,Paris Saint-Germain,21
Hugo Moura,Volante,Brazil,Club Athletico Paranaense,25
Huikang Cai,Volante,China,Shanghai Port,33
Hulk,Centroavante,Brazil,Clube Atlético Mineiro,37
Hyoran,Meia atacante,Brazil,Clube Atlético Mineiro,30
Héctor Bellerín,Lateral direito,Spain,Real Betis Balompié,28
Ian Maatsen,Lateral esquerdo,Netherlands,Chelsea FC,21
Ibrahim Al-Zubaidi,Lateral esquerdo,Saudi Arabia,Al-Ahli SFC,34
Ibrahim Amadou,Volante,France,Shanghai Shenhua,30
Ibrahim Salah,Meia esquerdo,Morocco,Stade Rennais FC,22
Ibrahima Konaté,Zagueiro,France,Liverpool FC,24
Igor Gomes,Meia atacante,Brazil,Clube Atlético Mineiro,24
Igor Jesus,Volante,Brazil,CR Flamengo,20
Igor Rabello,Zagueiro,Brazil,Clube Atlético Mineiro,28
Igor Vinícius,Lateral direito,Brazil,São Paulo Futebol Clube,26
Igor Zubeldia,Zagueiro,Spain,Real Sociedad,26
Iker Muniain,Meia atacante,Spain,Athletic Bilbao,30
Ilaix Moriba,Meia,Guinea,RB Leipzig,20
Iliman Ndiaye,Second Striker,Senegal,Olympique Marseille,23
Imanol García de Albéniz,Lateral esquerdo,Spain,Athletic Bilbao,23
Isaac,Centroavante,Brazil,Clube Atlético Mineiro,19
Isco,Meia atacante,Spain,Real Betis Balompié,31
Ismail Jakobs,Lateral esquerdo,Senegal,AS Monaco,24
Ismaël Bennacer,Volante,Algeria,AC Milan,25
Ismaïla Sarr,Meia direito,Senegal,Olympique Marseille,25
Issa Kallon,Meia direito,Sierra Leone,Shanghai Port,26
Iñaki Peña,Goleiro,Spain,FC Barcelona,24
Iñaki Williams,Meia direito,Ghana,Athletic Bilbao,29
Iñigo Lekue,Lateral direito,Spain,Athletic Bilbao,30
Iñigo Martínez,Zagueiro,Spain,FC Barcelona,32
Iñigo Ruiz de Galarreta,Meia,Spain,Athletic Bilbao,30
Jack Grealish,Meia esquerdo,England,Manchester City,28
Jadon Sancho,Meia esquerdo,England,Manchester United,23
Jailson,Volante,Brazil,Sociedade Esportiva Palmeiras,28
Jakub Kaminski,Meia esquerdo,Poland,VfL Wolfsburg,21
Jakub Kiwior,Zagueiro,Poland,Arsenal FC,23
Jamal Musiala,Meia atacante,Germany,Bayern Munich,20
James Rodríguez,Meia atacante,Colombia,São Paulo Futebol Clube,32
Jamie Bynoe-Gittens,Meia esquerdo,England,Borussia Dortmund,19
Jandrei,Goleiro,Brazil,São Paulo Futebol Clube,30
Janis Blaswich,Goleiro,Germany,RB Leipzig,32
Jankat Yılmaz,Goleiro,Turkey,Galatasaray,19
Jarell Quansah,Zagueiro,England,Liverpool FC,20
Jayden Oosterwolde,Lateral esquerdo,Netherlands,Fenerbahce,22
Jean Patric,Meia esquerdo,Brazil,Vissel Kobe,26
Jean-Clair Todibo,Zagueiro,France,OGC Nice,23
Jeanuël Belocian,Zagueiro,France,Stade Rennais FC,18
Jemerson,Zagueiro,Brazil,Clube Atlético Mineiro,31
Jens Cajuste,Meia,Sweden,SSC Napoli,24
Jeremie Frimpong,Lateral direito,Netherlands,Bayer 04 Leverkusen,22
Jesper Lindstrøm,Meia atacante,Denmark,SSC Napoli,23
Jhegson Méndez,Volante,Ecuador,São Paulo Futebol Clube,26
Jhon Arias,Left Midfield,Colombia,Fluminense Football Club,26
Jhon Jhon,Meia atacante,Brazil,Sociedade Esportiva Palmeiras,21
Jiabao Wen,Lateral esquerdo,China,Shanghai Shenhua,24
Joakim Maehle,Lateral direito,Denmark,VfL Wolfsburg,26
Joaquín Correa,Second Striker,Argentina,Olympique Marseille,29
Joaquín Piquerez,Lateral esquerdo,Uruguay,Sociedade Esportiva Palmeiras,25
Joe Gomez,Zagueiro,England,Liverpool FC,26
Joel Matip,Zagueiro,Cameroon,Liverpool FC,32
John Kennedy,Centroavante,Brazil,Fluminense Football Club,21
John Stones,Zagueiro,England,Manchester City,29
Jon Ander Olasagasti,Meia,Spain,Real Sociedad,23
Jon Pacheco,Zagueiro,Spain,Real Sociedad,22
Jonas Hofmann,Meia direito,Germany,Bayer 04 Leverkusen,31
Jonas Wind,Centroavante,Denmark,VfL Wolfsburg,24
Jonathan Calleri,Centroavante,Argentina,São Paulo Futebol Clube,30
Jonathan Clauss,Lateral direito,France,Olympique Marseille,31
Jonathan Tah,Zagueiro,Germany,Bayer 04 Leverkusen,27
Jonny Evans,Zagueiro,Northern Ireland,Manchester United,35
Jordan Lotomba,Lateral direito,Switzerland,OGC Nice,25
Jordan Veretout,Meia,France,Olympique Marseille,30
Jorge,Lateral esquerdo,Brazil,Fluminense Football Club,27
Jorginho,Volante,Italy,Arsenal FC,31
Joselu,Centroavante,Spain,Real Madrid,33
Joshua Kimmich,Volante,Germany,Bayern Munich,28
Joshua King,Centroavante,Norway,Fenerbahce,31
Josip Stanisic,Lateral direito,Croatia,Bayer 04 Leverkusen,23
Josko Gvardiol,Zagueiro,Croatia,Manchester City,21
José Kanté,Centroavante,Guinea,Urawa Red Diamonds,32
José Manuel López,Centroavante,Argentina,Sociedade Esportiva Palmeiras,22
João Cancelo,Lateral direito,Portugal,FC Barcelona,29
João Carlos Teixeira,Meia atacante,Portugal,Shanghai Shenhua,30
João Félix,Meia esquerdo,Portugal,FC Barcelona,23
João Moreira,Lateral direito,Brazil,São Paulo Futebol Clube,19
Juan,Centroavante,Brazil,São Paulo Futebol Clube,21
Juan Cruz,Meia direito,Spain,Real Betis Balompié,23
Juan Cuadrado,Right Midfield,Colombia,Inter Milan,35
Juan Jesus,Zagueiro,Brazil,SSC Napoli,32
Juan Mata,Meia atacante,Spain,Vissel Kobe,35
Juan Miranda,Lateral esquerdo,Spain,Real Betis Balompié,23
Jude Bellingham,Meia,England,Real Madrid,20
Julen Agirrezabala,Goleiro,Spain,Athletic Bilbao,22
Jules Koundé,Zagueiro,France,FC Barcelona,24
Julian Brandt,Meia atacante,Germany,Borussia Dortmund,27
Julian Ryerson,Lateral direito,Norway,Borussia Dortmund,25
Julien Duranville,Meia direito,Belgium,Borussia Dortmund,17
Julián Álvarez,Centroavante,Argentina,Manchester City,23
Jumpei Hayakawa,Meia esquerdo,Japan,Urawa Red Diamonds,17
Junchen Zhou,Meia esquerdo,China,Shanghai Shenhua,23
Junling Yan,Goleiro,China,Shanghai Port,31
Junqiang Wang,Defence,China,Shanghai Shenhua,20
Jurrien Timber,Zagueiro,Netherlands,Arsenal FC,22
Justin Homma,Lateral direito,Japan,Vissel Kobe,18
Juzo Ura,Midfield,Japan,Vissel Kobe,19
Jérémie Boga,Meia esquerdo,Cote d'Ivoire,OGC Nice,26
Jérémy Doku,Meia direito,Belgium,Manchester City,21
Jérémy Jacquet,Zagueiro,France,Stade Rennais FC,18
Kaan Ayhan,Zagueiro,Turkey,Galatasaray,28
Kai Havertz,Meia atacante,Germany,Arsenal FC,24
Kai Shibato,Volante,Japan,Urawa Red Diamonds,27
Kaique,Goleiro,Brazil,Sociedade Esportiva Palmeiras,20
Kaique Rocha,Zagueiro,Brazil,Club Athletico Paranaense,22
Kaito Yamada,Zagueiro,Japan,Vissel Kobe,17
Kaito Yasui,Meia atacante,Japan,Urawa Red Diamonds,22
Kalidou Koulibaly,Zagueiro,Senegal,Al-Hilal SFC,32
Kalvin Phillips,Volante,England,Manchester City,27
Kang-in Lee,Meia atacante,South Korea,Paris Saint-Germain,22
Karim Adeyemi,Meia esquerdo,Germany,Borussia Dortmund,21
Karl Hein,Goleiro,Estonia,Arsenal FC,21
Kauã Elias,Centroavante,Brazil,Fluminense Football Club,17
Kazuaki Mawatari,Lateral direito,Japan,Urawa Red Diamonds,31
Kazımcan Karataş,Lateral esquerdo,Turkey,Galatasaray,20
Ken Iwao,Meia,Japan,Urawa Red Diamonds,34
Keno,Meia esquerdo,Brazil,Fluminense Football Club,34
Kepa Arrizabalaga,Goleiro,Spain,Real Madrid,29
Kerem Aktürkoğlu,Meia esquerdo,Turkey,Galatasaray,24
Kerem Demirbay,Meia,Germany,Galatasaray,30
Kevin,Meia esquerdo,Brazil,Sociedade Esportiva Palmeiras,20
Kevin De Bruyne,Meia atacante,Belgium,Manchester City,32
Kevin Kampl,Meia,Slovenia,RB Leipzig,33
Kevin Paredes,Left Midfield,United States,VfL Wolfsburg,20
Keylor Navas,Goleiro,Costa Rica,Paris Saint-Germain,36
Khalid Al-Ghannam,Meia esquerdo,Saudi Arabia,Al-Nassr FC,22
Khalifah Al-Dawsari,Zagueiro,Saudi Arabia,Al-Hilal SFC,24
Khvicha Kvaratskhelia,Meia esquerdo,Georgia,SSC Napoli,22
Khéphren Thuram,Meia,France,OGC Nice,22
Kieran Tierney,Lateral esquerdo,Scotland,Real Sociedad,26
Kilian Fischer,Lateral direito,Germany,VfL Wolfsburg,23
Kingsley Coman,Meia esquerdo,France,Bayern Munich,27
Kobbie Mainoo,Meia,England,Manchester United,18
Koen Casteels,Goleiro,Belgium,VfL Wolfsburg,31
Konrad Laimer,Meia,Austria,Bayern Munich,26
Konstantinos Tsimikas,Lateral esquerdo,Greece,Liverpool FC,27
Koya Yuruki,Meia esquerdo,Japan,Vissel Kobe,28
Kristjan Asllani,Volante,Albania,Inter Milan,21
Krépin Diatta,Meia direito,Senegal,AS Monaco,24
Kyle Walker,Lateral direito,England,Manchester City,33
Kylian Mbappé,Centroavante,France,Paris Saint-Germain,24
Lamine Yamal,Meia direito,Spain,FC Barcelona,16
Lapo Nava,Goleiro,Italy,AC Milan,19
Lautaro Martínez,Centroavante,Argentina,Inter Milan,26
Layvin Kurzawa,Lateral esquerdo,France,Paris Saint-Germain,31
Leandro Paredes,Volante,Argentina,AS Roma,29
Leandro Trossard,Meia esquerdo,Belgium,Arsenal FC,28
Lei Wu,Meia direito,China,Shanghai Port,31
Lelê,Centroavante,Brazil,Fluminense Football Club,26
Leo Osaki,Zagueiro,Japan,Vissel Kobe,32
Leo Østigård,Zagueiro,Norway,SSC Napoli,23
Leon Goretzka,Meia,Germany,Bayern Munich,28
Leonardo Balerdi,Zagueiro,Argentina,Olympique Marseille,24
Leonardo Fernández,Meia atacante,Uruguay,Fluminense Football Club,24
Leonardo Spinazzola,Lateral esquerdo,Italy,AS Roma,30
Leopold Zingerle,Goleiro,Germany,RB Leipzig,29
Leroy Sané,Meia direito,Germany,Bayern Munich,27
Lesley Ugochukwu,Volante,France,Chelsea FC,19
Levi Colwill,Zagueiro,England,Chelsea FC,20
Lima,Meia atacante,Brazil,Fluminense Football Club,27
Lin Cui,Lateral direito,China,Shanghai Shenhua,25
Lincoln,Meia atacante,Brazil,Fenerbahce,24
Lincoln,Centroavante,Brazil,Vissel Kobe,22
Linpeng Zhang,Lateral direito,China,Shanghai Port,33
Lisandro Martínez,Zagueiro,Argentina,Manchester United,25
Longhai He,Right Midfield,China,Shanghai Shenhua,22
Longxiao Wang,Defence,China,Shanghai Shenhua,20
Lorenz Assignon,Lateral direito,France,Stade Rennais FC,23
Lorenzo Pellegrini,Meia atacante,Italy,AS Roma,27
Lorenzo Russo,Meia atacante,Italy,SSC Napoli,18
Lorran,Meia atacante,Brazil,CR Flamengo,17
Lovro Majer,Meia,Croatia,VfL Wolfsburg,25
Loïs Openda,Centroavante,Belgium,RB Leipzig,23
Luan,Zagueiro,Brazil,Sociedade Esportiva Palmeiras,30
Luan,Volante,Brazil,São Paulo Futebol Clube,24
Luan Peres,Zagueiro,Brazil,Fenerbahce,29
Lucas Beraldo,Zagueiro,Brazil,São Paulo Futebol Clube,19
Lucas Bergström,Goleiro,Finland,Chelsea FC,21
Lucas Esquivel,Lateral esquerdo,Argentina,Club Athletico Paranaense,22
Lucas Hernández,Zagueiro,France,Paris Saint-Germain,27
Lucas João,Centroavante,Angola,Shanghai Port,29
Lucas Moura,Meia direito,Brazil,São Paulo Futebol Clube,31
Lucas Torreira,Volante,Uruguay,Galatasaray,27
Lucas Veríssimo,Zagueiro,Brazil,Sport Club Corinthians Paulista,28
Lucas Vázquez,Lateral direito,Spain,Real Madrid,32
Luciano,Centroavante,Brazil,São Paulo Futebol Clube,30
Luciano Arriagada,Centroavante,Chile,Club Athletico Paranaense,21
Lucien Agoumé,Volante,France,Inter Milan,21
Ludovic Blas,Meia atacante,France,Stade Rennais FC,25
Luis Díaz,Meia esquerdo,Colombia,Liverpool FC,26
Luis Guilherme,Meia atacante,Brazil,Sociedade Esportiva Palmeiras,17
Luiz Araújo,Meia direito,Brazil,CR Flamengo,27
Luiz Henrique,Meia direito,Brazil,Real Betis Balompié,22
Luka Jović,Centroavante,Serbia,AC Milan,25
Luka Modric,Meia,Croatia,Real Madrid,38
Luka Romero,Meia direito,Argentina,AC Milan,18
Lukas Hradecky,Goleiro,Finland,Bayer 04 Leverkusen,33
Lukas Klostermann,Lateral direito,Germany,RB Leipzig,27
Lukas Nmecha,Centroavante,Germany,VfL Wolfsburg,24
Luke Shaw,Lateral esquerdo,England,Manchester United,28
Léo Linck,Goleiro,Brazil,Club Athletico Paranaense,22
Léo Pereira,Zagueiro,Brazil,CR Flamengo,27
Macario Hing-Glover,Lateral direito,United States,Shanghai Shenhua,28
Madi Monamay,Zagueiro,Belgium,Bayer 04 Leverkusen,17
Madson,Lateral direito,Brazil,Club Athletico Paranaense,31
Maghnes Akliouche,Meia atacante,France,AS Monaco,21
Malang Sarr,Zagueiro,France,Chelsea FC,24
Malcom,Meia direito,Brazil,Al-Hilal SFC,26
Malick Thiaw,Zagueiro,Germany,AC Milan,22
Malo Gusto,Lateral direito,France,Chelsea FC,20
Manoel,Zagueiro,Brazil,Fluminense Football Club,33
Manuel Akanji,Zagueiro,Switzerland,Manchester City,28
Manuel Locatelli,Volante,Italy,Juventus FC,25
Manuel Neuer,Goleiro,Germany,Bayern Munich,37
Manuel Ugarte,Volante,Uruguay,Paris Saint-Germain,22
Marash Kumbulla,Zagueiro,Albania,AS Roma,23
Marc Bartra,Zagueiro,Spain,Real Betis Balompié,32
Marc Cucurella,Lateral esquerdo,Spain,Chelsea FC,25
Marc Roca,Volante,Spain,Real Betis Balompié,26
Marc-André ter Stegen,Goleiro,Germany,FC Barcelona,31
Marcel Lotka,Goleiro,Germany,Borussia Dortmund,22
Marcel Sabitzer,Meia,Austria,Borussia Dortmund,29
Marcelo,Lateral esquerdo,Brazil,Fluminense Football Club,35
Marcelo Brozovic,Volante,Croatia,Al-Nassr FC,30
Marcelo Cirino,Meia direito,Brazil,Club Athletico Paranaense,31
Marcelo Lomba,Goleiro,Brazil,Sociedade Esportiva Palmeiras,36
Marcin Bulka,Goleiro,Poland,OGC Nice,24
Marco Asensio,Meia esquerdo,Spain,Paris Saint-Germain,27
Marco Pellegrino,Zagueiro,Argentina,AC Milan,21
Marco Reus,Meia atacante,Germany,Borussia Dortmund,34
Marco Sportiello,Goleiro,Italy,AC Milan,31
Marcos Alonso,Lateral esquerdo,Spain,FC Barcelona,32
Marcos Paulo,Meia esquerdo,Portugal,São Paulo Futebol Clube,22
Marcos Rocha,Lateral direito,Brazil,Sociedade Esportiva Palmeiras,34
Marcus Bettinelli,Goleiro,England,Chelsea FC,31
Marcus Rashford,Meia esquerdo,England,Manchester United,25
Marcus Thuram,Centroavante,France,Inter Milan,26
Mariano,Lateral direito,Brazil,Clube Atlético Mineiro,37
Marius Höibraten,Zagueiro,Norway,Urawa Red Diamonds,27
Marius Wolf,Lateral direito,Germany,Borussia Dortmund,28
Marko Arnautović,Centroavante,Austria,Inter Milan,34
Markus Pink,Centroavante,Austria,Shanghai Port,31
Marlon,Zagueiro,Brazil,Fluminense Football Club,28
Marquinhos,Zagueiro,Brazil,Paris Saint-Germain,29
Martin Terrier,Meia esquerdo,France,Stade Rennais FC,26
Martin Ødegaard,Meia atacante,Norway,Arsenal FC,24
Martinelli,Meia,Brazil,Fluminense Football Club,22
Martín Merquelanz,Meia esquerdo,Spain,Real Sociedad,28
Martín Zubimendi,Volante,Spain,Real Sociedad,24
Mason Mount,Meia atacante,England,Manchester United,24
Matej Kovar,Goleiro,Czech Republic,Bayer 04 Leverkusen,23
Mateo Kovacic,Meia,Croatia,Manchester City,29
Mateu Morey,Lateral direito,Spain,Borussia Dortmund,23
Mateus,Goleiro,Brazil,Sociedade Esportiva Palmeiras,21
Matheus Araújo,Meia,Brazil,Sport Club Corinthians Paulista,21
Matheus Belém,Zagueiro,Brazil,São Paulo Futebol Clube,20
Matheus Bidu,Lateral esquerdo,Brazil,Sport Club Corinthians Paulista,24
Matheus Cunha,Goleiro,Brazil,CR Flamengo,22
Matheus Donelli,Goleiro,Brazil,Sport Club Corinthians Paulista,21
Matheus Felipe,Zagueiro,Brazil,Club Athletico Paranaense,24
Matheus Mendes,Goleiro,Brazil,Clube Atlético Mineiro,24
Matheus Nunes,Meia,Portugal,Manchester City,25
Matheuzinho,Lateral direito,Brazil,CR Flamengo,23
Mathis Lambourde,Centroavante,France,Stade Rennais FC,17
Mathys Tel,Centroavante,France,Bayern Munich,18
Mathías Olivera,Lateral esquerdo,Uruguay,SSC Napoli,25
Mats Hummels,Zagueiro,Germany,Borussia Dortmund,34
Matteo Darmian,Lateral direito,Italy,Inter Milan,33
Matteo Politano,Meia direito,Italy,SSC Napoli,30
Matthijs de Ligt,Zagueiro,Netherlands,Bayern Munich,24
Mattia Caldara,Zagueiro,Italy,AC Milan,29
Mattia De Sciglio,Lateral direito,Italy,Juventus FC,31
Mattia Perin,Goleiro,Italy,Juventus FC,30
Mattias Svanberg,Meia,Sweden,VfL Wolfsburg,24
Matías Rojas,Meia atacante,Paraguay,Sport Club Corinthians Paulista,27
Matías Vargas,Meia esquerdo,Argentina,Shanghai Port,25
Matías Zaracho,Meia atacante,Argentina,Clube Atlético Mineiro,25
Mauricio Lemos,Zagueiro,Uruguay,Clube Atlético Mineiro,27
Mauro Icardi,Centroavante,Argentina,Galatasaray,30
Maxence Lacroix,Zagueiro,France,VfL Wolfsburg,23
Maximilian Arnold,Meia,Germany,VfL Wolfsburg,29
Maycon,Meia,Brazil,Sport Club Corinthians Paulista,26
Mayke,Lateral direito,Brazil,Sociedade Esportiva Palmeiras,30
Melvin Bard,Lateral esquerdo,France,OGC Nice,22
Merih Demiral,Zagueiro,Turkey,Al-Ahli SFC,25
Mert Hakan Yandaş,Meia,Turkey,Fenerbahce,29
Mert Müldür,Lateral direito,Turkey,Fenerbahce,24
Meshari Al-Nemer,Centroavante,Saudi Arabia,Al-Nassr FC,20
Michael,Meia esquerdo,Brazil,Al-Hilal SFC,27
Michel,Zagueiro,Brazil,Sociedade Esportiva Palmeiras,20
Michel Araújo,Meia atacante,Uruguay,São Paulo Futebol Clube,27
Michy Batshuayi,Centroavante,Belgium,Fenerbahce,30
Miguel Crespo,Meia,Portugal,Fenerbahce,27
Miha Zajc,Meia,Slovenia,Fenerbahce,29
Mike Maignan,Goleiro,France,AC Milan,28
Mikel Merino,Meia,Spain,Real Sociedad,27
Mikel Oyarzabal,Meia esquerdo,Spain,Real Sociedad,26
Mikel Vesga,Volante,Spain,Athletic Bilbao,30
Milan Skriniar,Zagueiro,Slovakia,Paris Saint-Germain,28
Mile Svilar,Goleiro,Serbia,AS Roma,24
Min-jae Kim,Zagueiro,South Korea,Bayern Munich,26
Mitsuki Hidaka,Meia,Japan,Vissel Kobe,20
Mitsuki Saito,Volante,Japan,Vissel Kobe,24
Mizuki Arai,Meia esquerdo,Japan,Vissel Kobe,26
Mohamed Camara,Volante,Mali,AS Monaco,23
Mohamed Elneny,Volante,Egypt,Arsenal FC,31
Mohamed Jaouab,Zagueiro,Morocco,Stade Rennais FC,21
Mohamed Kanno,Meia,Saudi Arabia,Al-Hilal SFC,29
Mohamed Salah,Meia direito,Egypt,Liverpool FC,31
Mohamed Simakan,Zagueiro,France,RB Leipzig,23
Mohamed-Ali Cho,Centroavante,France,Real Sociedad,19
Mohammed Al-Burayk,Lateral direito,Saudi Arabia,Al-Hilal SFC,31
Mohammed Al-Fatil,Zagueiro,Saudi Arabia,Al-Nassr FC,31
Mohammed Al-Majhad,Meia,Saudi Arabia,Al-Ahli SFC,25
Mohammed Al-Owais,Goleiro,Saudi Arabia,Al-Hilal SFC,32
Mohammed Al-Qahtani,Meia esquerdo,Saudi Arabia,Al-Hilal SFC,21
Mohammed Al-Rubaie,Goleiro,Saudi Arabia,Al-Ahli SFC,26
Mohammed Jahfali,Zagueiro,Saudi Arabia,Al-Hilal SFC,32
Mohammed Maran,Centroavante,Saudi Arabia,Al-Nassr FC,22
Mohammed Qasem,Lateral esquerdo,Saudi Arabia,Al-Nassr FC,28
Mohammed Salisu,Zagueiro,Ghana,AS Monaco,24
Moise Kean,Centroavante,Italy,Juventus FC,23
Moisés Caicedo,Volante,Ecuador,Chelsea FC,21
Morgan Sanson,Meia,France,OGC Nice,29
Moritz Jenz,Zagueiro,Germany,VfL Wolfsburg,24
Murahmetjan Muzepper,Volante,China,Shanghai Port,31
Murilo,Zagueiro,Brazil,Sociedade Esportiva Palmeiras,26
Musab Al-Juwayr,Meia,Saudi Arabia,Al-Hilal SFC,20
Muteb Al-Mufarrij,Zagueiro,Saudi Arabia,Al-Hilal SFC,27
Mycael,Goleiro,Brazil,Club Athletico Paranaense,19
Mykhaylo Mudryk,Meia esquerdo,Ukraine,Chelsea FC,22
Myron Boadu,Centroavante,Netherlands,AS Monaco,22
Mário Rui,Lateral esquerdo,Portugal,SSC Napoli,32
Nabil Fekir,Meia atacante,France,Real Betis Balompié,30
Nacho Fernández,Zagueiro,Spain,Real Madrid,33
Nadiem Amiri,Meia,Germany,Bayer 04 Leverkusen,26
Nahuel Ferraresi,Zagueiro,Venezuela,São Paulo Futebol Clube,24
Nanasei Iino,Lateral direito,Japan,Vissel Kobe,27
Nasser Al-Dawsari,Lateral esquerdo,Saudi Arabia,Al-Hilal SFC,24
Natan,Zagueiro,Brazil,SSC Napoli,22
Nathan Aké,Zagueiro,Netherlands,Manchester City,28
Nathan Mendes,Lateral direito,Brazil,São Paulo Futebol Clube,21
Nathan Tella,Meia direito,England,Bayer 04 Leverkusen,24
Naves,Zagueiro,Brazil,Sociedade Esportiva Palmeiras,21
Nawaf Al-Aqidi,Goleiro,Saudi Arabia,Al-Nassr FC,23
Nawaf Al-Boushal,Lateral direito,Saudi Arabia,Al-Nassr FC,24
Nemanja Matic,Volante,Serbia,Stade Rennais FC,35
Neymar,Meia esquerdo,Brazil,Al-Hilal SFC,31
Niclas Füllkrug,Centroavante,Germany,Borussia Dortmund,30
Nico Schlotterbeck,Zagueiro,Germany,Borussia Dortmund,23
Nico Williams,Meia direito,Spain,Athletic Bilbao,21
Nicola Zalewski,Left Midfield,Poland,AS Roma,21
Nicolas Cozza,Lateral esquerdo,France,VfL Wolfsburg,24
Nicolas Jackson,Centroavante,Senegal,Chelsea FC,22
Nicolas Seiwald,Meia,Austria,RB Leipzig,22
Nicolò Barella,Meia,Italy,Inter Milan,26
Nicolò Fagioli,Meia,Italy,Juventus FC,22
Nikita Contini,Goleiro,Italy,SSC Napoli,27
Niklas Klinger,Goleiro,Germany,VfL Wolfsburg,28
Niklas Lomb,Goleiro,Germany,Bayer 04 Leverkusen,30
Niklas Süle,Zagueiro,Germany,Borussia Dortmund,28
Nino,Zagueiro,Brazil,Fluminense Football Club,26
Noah Mbamba,Volante,Belgium,Bayer 04 Leverkusen,18
Noah Okafor,Centroavante,Switzerland,AC Milan,23
Noni Madueke,Meia direito,England,Chelsea FC,21
Nordi Mukiele,Lateral direito,France,Paris Saint-Germain,25
Noussair Mazraoui,Lateral direito,Morocco,Bayern Munich,25
Nuno Mendes,Lateral esquerdo,Portugal,Paris Saint-Germain,21
Odilon Kossounou,Zagueiro,Cote d'Ivoire,Bayer 04 Leverkusen,22
Oihan Sancet,Meia atacante,Spain,Athletic Bilbao,23
Ole Pohlmann,Meia,Germany,Borussia Dortmund,22
Oleksandr Zinchenko,Lateral esquerdo,Ukraine,Arsenal FC,26
Olivier Giroud,Centroavante,France,AC Milan,37
Oriol Romeu,Volante,Spain,FC Barcelona,32
Oscar,Meia atacante,Brazil,Shanghai Port,31
Oscar Bobb,Meia direito,Norway,Manchester City,20
Otávio,Meia direito,Portugal,Al-Nassr FC,28
Otávio,Volante,Brazil,Clube Atlético Mineiro,29
Ousmane Dembélé,Meia direito,France,Paris Saint-Germain,26
Pablo,Zagueiro,Brazil,CR Flamengo,32
Pablo,Centroavante,Brazil,Club Athletico Paranaense,31
Pablo Maia,Volante,Brazil,São Paulo Futebol Clube,21
Pablo Marín,Meia atacante,Spain,Real Sociedad,20
Pablo Rosario,Volante,Netherlands,OGC Nice,26
Pape Gueye,Volante,Senegal,Olympique Marseille,24
Patrick,Meia,Brazil,Clube Atlético Mineiro,31
Patrick Wimmer,Meia direito,Austria,VfL Wolfsburg,22
Patrik Schick,Centroavante,Czech Republic,Bayer 04 Leverkusen,27
Patryck,Lateral esquerdo,Brazil,São Paulo Futebol Clube,20
Pau López,Goleiro,Spain,Olympique Marseille,28
Paul Pogba,Meia,France,Juventus FC,30
Paulinho,Meia,Brazil,Sport Club Corinthians Paulista,35
Paulinho,Meia esquerdo,Brazil,Clube Atlético Mineiro,23
Paulo Dybala,Second Striker,Argentina,AS Roma,29
Pavao Pervan,Goleiro,Austria,VfL Wolfsburg,35
Pedri,Meia,Spain,FC Barcelona,20
Pedrinho,Meia direito,Brazil,Clube Atlético Mineiro,25
Pedro,Centroavante,Brazil,CR Flamengo,26
Pedro,Meia esquerdo,Brazil,Sport Club Corinthians Paulista,17
Pedro Henrique,Zagueiro,Brazil,Club Athletico Paranaense,28
Pedro Rangel,Goleiro,Brazil,Fluminense Football Club,23
Pedro Vilhena,Meia,Brazil,São Paulo Futebol Clube,21
Peru Nolaskoain,Volante,Spain,Athletic Bilbao,24
Phelipe,Goleiro,Brazil,Vissel Kobe,24
Phil Foden,Meia esquerdo,England,Manchester City,23
Philipp Köhn,Goleiro,Switzerland,AS Monaco,25
Philipp Schulze,Goleiro,Germany,VfL Wolfsburg,20
Pierluigi Gollini,Goleiro,Italy,SSC Napoli,28
Piero Hincapié,Zagueiro,Ecuador,Bayer 04 Leverkusen,21
Pierre Kalulu,Zagueiro,France,AC Milan,23
Pierre-Emerick Aubameyang,Centroavante,Gabon,Olympique Marseille,34
Pietro Boer,Goleiro,Italy,AS Roma,21
Piotr Zielinski,Meia,Poland,SSC Napoli,29
Presnel Kimpembe,Zagueiro,France,Paris Saint-Germain,28
Péter Gulácsi,Goleiro,Hungary,RB Leipzig,33
Rade Krunic,Volante,Bosnia-Herzegovina,AC Milan,30
Radoslaw Majecki,Goleiro,Poland,AS Monaco,23
Rafael,Goleiro,Brazil,São Paulo Futebol Clube,34
Rafael Leão,Meia esquerdo,Portugal,AC Milan,24
Rafael Ramos,Lateral direito,Portugal,Sport Club Corinthians Paulista,28
Raffaele Di Gennaro,Goleiro,Italy,Inter Milan,30
Rafinha,Lateral direito,Brazil,São Paulo Futebol Clube,38
Raghed Al-Najjar,Goleiro,Saudi Arabia,Al-Nassr FC,27
Raheem Sterling,Meia esquerdo,England,Chelsea FC,28
Ramy Bensebaini,Lateral esquerdo,Algeria,Borussia Dortmund,28
Randal Kolo Muani,Centroavante,France,Paris Saint-Germain,24
Raphael Veiga,Meia atacante,Brazil,Sociedade Esportiva Palmeiras,28
Raphaël Guerreiro,Lateral esquerdo,Portugal,Bayern Munich,29
Raphaël Varane,Zagueiro,France,Manchester United,30
Raphinha,Meia direito,Brazil,FC Barcelona,26
Rasmus Højlund,Centroavante,Denmark,Manchester United,20
Rasmus Kristensen,Lateral direito,Denmark,AS Roma,26
Rayan Hamed,Lateral direito,Saudi Arabia,Al-Ahli SFC,21
Raí Ramos,Lateral direito,Brazil,São Paulo Futebol Clube,29
Raúl García,Centroavante,Spain,Athletic Bilbao,37
Reda Belahyane,Volante,France,OGC Nice,19
Reece James,Lateral direito,England,Chelsea FC,23
Reiss Nelson,Meia direito,England,Arsenal FC,23
Renan Lodi,Lateral esquerdo,Brazil,Olympique Marseille,25
Renato Augusto,Meia,Brazil,Sport Club Corinthians Paulista,35
Renato Sanches,Meia,Portugal,AS Roma,26
Renato Santos,Zagueiro,Brazil,Sport Club Corinthians Paulista,19
Renzo Saravia,Lateral direito,Argentina,Clube Atlético Mineiro,30
Riccardo Pagano,Meia,Italy,AS Roma,18
Richard Ríos,Meia,Colombia,Sociedade Esportiva Palmeiras,23
Rick Karsdorp,Lateral direito,Netherlands,AS Roma,28
Rico Lewis,Lateral direito,England,Manchester City,18
Ridle Baku,Lateral direito,Germany,VfL Wolfsburg,25
Riyad Mahrez,Meia direito,Algeria,Al-Ahli SFC,32
Robert Andrich,Meia,Germany,Bayer 04 Leverkusen,29
Robert Arboleda,Zagueiro,Ecuador,São Paulo Futebol Clube,31
Robert Lewandowski,Centroavante,Poland,FC Barcelona,35
Robert Sánchez,Goleiro,Spain,Chelsea FC,25
Roberto Firmino,Centroavante,Brazil,Al-Ahli SFC,32
Robin Le Normand,Zagueiro,Spain,Real Sociedad,26
Rodri,Volante,Spain,Manchester City,27
Rodri Sánchez,Meia atacante,Spain,Real Betis Balompié,23
Rodrigo Battaglia,Volante,Argentina,Clube Atlético Mineiro,32
Rodrigo Becão,Zagueiro,Brazil,Fenerbahce,27
Rodrigo Caio,Zagueiro,Brazil,CR Flamengo,30
Rodrigo Nestor,Meia,Brazil,São Paulo Futebol Clube,23
Rodriguinho,Meia,Brazil,São Paulo Futebol Clube,19
Rodrygo,Meia direito,Brazil,Real Madrid,22
Roger Ibañez,Zagueiro,Brazil,Al-Ahli SFC,24
Rogério,Lateral esquerdo,Brazil,VfL Wolfsburg,25
Romain Perraud,Lateral esquerdo,France,OGC Nice,26
Romelu Lukaku,Centroavante,Belgium,AS Roma,30
Roméo Lavia,Volante,Belgium,Chelsea FC,19
Ronald Araújo,Zagueiro,Uruguay,FC Barcelona,24
Roni,Volante,Brazil,Sport Club Corinthians Paulista,24
Rony,Centroavante,Brazil,Sociedade Esportiva Palmeiras,28
Ruan Oliveira,Meia,Brazil,Sport Club Corinthians Paulista,23
Ruben Loftus-Cheek,Meia,England,AC Milan,27
Rubens,Lateral esquerdo,Brazil,Clube Atlético Mineiro,22
Rubén Blanco,Goleiro,Spain,Olympique Marseille,28
Rui Patrício,Goleiro,Portugal,AS Roma,35
Rui Silva,Goleiro,Portugal,Real Betis Balompié,29
Ruofan Liu,Meia direito,China,Shanghai Shenhua,24
Ryan Gravenberch,Meia,Netherlands,Liverpool FC,21
Ryan Kent,Meia esquerdo,England,Fenerbahce,26
Ryo Hatsuse,Lateral esquerdo,Japan,Vissel Kobe,26
Ryotaro Hironaga,Goleiro,Japan,Vissel Kobe,33
Ryuho Kikuchi,Zagueiro,Japan,Vissel Kobe,26
Réver,Zagueiro,Brazil,Clube Atlético Mineiro,38
Rômulo,Centroavante,Brazil,Club Athletico Paranaense,21
Rúben Dias,Zagueiro,Portugal,Manchester City,26
Rúben Neves,Volante,Portugal,Al-Hilal SFC,26
Saad Balobaid,Lateral esquerdo,Saudi Arabia,Al-Ahli SFC,23
Sacha Boey,Lateral direito,France,Galatasaray,23
Sadio Mané,Meia esquerdo,Senegal,Al-Nassr FC,31
Saleh Al-Shehri,Centroavante,Saudi Arabia,Al-Hilal SFC,29
Salem Al-Dawsari,Meia esquerdo,Saudi Arabia,Al-Hilal SFC,32
Salih Özcan,Volante,Turkey,Borussia Dortmund,25
Salman Al-Faraj,Meia,Saudi Arabia,Al-Hilal SFC,34
Salvatore Sirigu,Goleiro,Italy,OGC Nice,36
Samet Akaydin,Zagueiro,Turkey,Fenerbahce,29
Sami Al-Najei,Meia atacante,Saudi Arabia,Al-Nassr FC,26
Samuel Chukwueze,Meia direito,Nigeria,AC Milan,24
Samuel Gigot,Zagueiro,France,Olympique Marseille,30
Samuel Iling Junior,Meia esquerdo,England,Juventus FC,20
Samuel Xavier,Lateral direito,Brazil,Fluminense Football Club,33
Santos,Goleiro,Brazil,CR Flamengo,33
Sardar Azmoun,Centroavante,Iran,AS Roma,28
Saud Abdulhamid,Lateral direito,Saudi Arabia,Al-Hilal SFC,24
Scott Carson,Goleiro,England,Manchester City,38
Scott McTominay,Volante,Scotland,Manchester United,26
Sebastiaan Bornauw,Zagueiro,Belgium,VfL Wolfsburg,24
Sebastian Szymanski,Meia atacante,Poland,Fenerbahce,24
Seko Fofana,Meia,Cote d'Ivoire,Al-Nassr FC,28
Serdar Aziz,Zagueiro,Turkey,Fenerbahce,32
Serge Gnabry,Meia direito,Germany,Bayern Munich,28
Sergej Milinkovic-Savic,Meia,Serbia,Al-Hilal SFC,28
Sergi Altimira,Meia,Spain,Real Betis Balompié,22
Sergi Roberto,Lateral direito,Spain,FC Barcelona,31
Sergio Gómez,Lateral esquerdo,Spain,Manchester City,23
Sergio Reguilón,Lateral esquerdo,Spain,Manchester United,26
Sergio Rico,Goleiro,Spain,Paris Saint-Germain,30
Shenchao Wang,Lateral esquerdo,China,Shanghai Port,33
Shenglong Jiang,Zagueiro,China,Shanghai Shenhua,22
Shenglong Li,Centroavante,China,Shanghai Port,30
Shenyuan Li,Lateral direito,China,Shanghai Port,25
Shinzo Koroki,Centroavante,Japan,Urawa Red Diamonds,36
Shiyuan Yang,Volante,China,Shanghai Port,28
Shohei Takahashi,Zagueiro,Japan,Vissel Kobe,31
Shola Shoretire,Meia atacante,England,Manchester United,19
Shoya Nakajima,Meia atacante,Japan,Urawa Red Diamonds,28
Shuai Li,Lateral esquerdo,China,Shanghai Port,27
Shuhei Kawasaki,Second Striker,Japan,Vissel Kobe,22
Shunkai Jin,Zagueiro,China,Shanghai Shenhua,22
Shusaku Nishikawa,Goleiro,Japan,Urawa Red Diamonds,36
Shuto Adachi,Midfield,Japan,Vissel Kobe,19
Simon Kjaer,Zagueiro,Denmark,AC Milan,34
Simon Ngapandouetnbu,Goleiro,Cameroon,Olympique Marseille,20
Sofiane Diop,Meia esquerdo,France,OGC Nice,23
Sofyan Amrabat,Volante,Morocco,Manchester United,27
Soungoutou Magassa,Zagueiro,France,AS Monaco,20
Stanislav Lobotka,Volante,Slovakia,SSC Napoli,28
Stefan Bajcetic,Volante,Spain,Liverpool FC,18
Stefan Ortega,Goleiro,Germany,Manchester City,30
Stefan de Vrij,Zagueiro,Netherlands,Inter Milan,31
Stefano Sensi,Meia,Italy,Inter Milan,28
Stephan El Shaarawy,Meia esquerdo,Italy,AS Roma,30
Steve Mandanda,Goleiro,France,Stade Rennais FC,38
Sultan Al-Ghannam,Lateral direito,Saudi Arabia,Al-Nassr FC,29
Sumaihan Al-Nabit,Meia esquerdo,Saudi Arabia,Al-Ahli SFC,27
Sven Ulreich,Goleiro,Germany,Bayern Munich,35
Sébastien Haller,Centroavante,Cote d'Ivoire,Borussia Dortmund,29
Sérgio Oliveira,Meia,Portugal,Galatasaray,31
Taichi Fukui,Meia,Japan,Bayern Munich,19
Taiga Kameda,Goleiro,Japan,Vissel Kobe,16
Takahiro Akimoto,Left Midfield,Japan,Urawa Red Diamonds,24
Takahiro Ogihara,Volante,Japan,Vissel Kobe,32
Takahiro Sekine,Left Midfield,Japan,Urawa Red Diamonds,27
Takefusa Kubo,Meia direito,Japan,Real Sociedad,22
Takehiro Tomiyasu,Lateral direito,Japan,Arsenal FC,24
Takuma Eguchi,Lateral esquerdo,Japan,Vissel Kobe,16
Takumi Minamino,Meia esquerdo,Japan,AS Monaco,28
Takuya Iwanami,Zagueiro,Japan,Urawa Red Diamonds,28
Takuya Ogiwara,Lateral esquerdo,Japan,Urawa Red Diamonds,23
Talisca,Meia atacante,Brazil,Al-Nassr FC,29
Talles Costa,Meia,Brazil,São Paulo Futebol Clube,21
Tammy Abraham,Centroavante,England,AS Roma,26
Tanguy Ndombélé,Meia,France,Galatasaray,26
Tarek Buchmann,Zagueiro,Germany,Bayern Munich,18
Teddy Boulhendi,Goleiro,Algeria,OGC Nice,22
Terem Moffi,Centroavante,Nigeria,OGC Nice,24
Tetsushi Yamakawa,Lateral direito,Japan,Vissel Kobe,26
Tetsuya Chinen,Zagueiro,Japan,Urawa Red Diamonds,25
Tetê,Meia direito,Brazil,Galatasaray,23
Theo Hernández,Lateral esquerdo,France,AC Milan,26
Thiago,Meia,Spain,Liverpool FC,32
Thiago Andrade,Meia esquerdo,Brazil,Club Athletico Paranaense,22
Thiago Heleno,Zagueiro,Brazil,Club Athletico Paranaense,35
Thiago Maia,Volante,Brazil,CR Flamengo,26
Thiago Santos,Volante,Brazil,Fluminense Football Club,34
Thiago Silva,Zagueiro,Brazil,Chelsea FC,39
Thibaut Courtois,Goleiro,Belgium,Real Madrid,31
Thomas Meunier,Lateral direito,Belgium,Borussia Dortmund,32
Thomas Müller,Second Striker,Germany,Bayern Munich,34
Thomas Partey,Volante,Ghana,Arsenal FC,30
Thuler,Zagueiro,Brazil,Vissel Kobe,24
Tiago Tomás,Centroavante,Portugal,VfL Wolfsburg,21
Tijjani Reijnders,Meia,Netherlands,AC Milan,25
Tim Köhler,Zagueiro,Germany,RB Leipzig,18
Timo Schlieck,Goleiro,Germany,RB Leipzig,17
Timo Werner,Centroavante,Germany,RB Leipzig,27
Timothy Fosu-Mensah,Lateral direito,Netherlands,Bayer 04 Leverkusen,25
Timothy Weah,Right Midfield,United States,Juventus FC,23
Tom Heaton,Goleiro,England,Manchester United,37
Tom Hülsmann,Goleiro,Germany,Bayern Munich,19
Tommaso Pobega,Meia,Italy,AC Milan,24
Tomoaki Okubo,Meia direito,Japan,Urawa Red Diamonds,24
Tomás Cuello,Meia esquerdo,Argentina,Club Athletico Paranaense,23
Toni Kroos,Meia,Germany,Real Madrid,33
Toshiki Takahashi,Centroavante,Japan,Urawa Red Diamonds,24
Trent Alexander-Arnold,Lateral direito,England,Liverpool FC,25
Trevoh Chalobah,Zagueiro,England,Chelsea FC,24
Tyias Browning,Zagueiro,China,Shanghai Port,28
Tyrell Malacia,Lateral esquerdo,Netherlands,Manchester United,24
Ulysses Llanez,Meia esquerdo,United States,VfL Wolfsburg,22
Umar Sadiq,Centroavante,Nigeria,Real Sociedad,26
Umut Nayir,Centroavante,Turkey,Fenerbahce,30
Unai Gómez,Meia,Spain,Athletic Bilbao,20
Unai Marrero,Goleiro,Spain,Real Sociedad,22
Unai Simón,Goleiro,Spain,Athletic Bilbao,26
Urko González de Zarate,Volante,Spain,Real Sociedad,22
Vaclav Cerny,Meia direito,Czech Republic,VfL Wolfsburg,26
Valentin Rongier,Meia,France,Olympique Marseille,28
Vanderlan,Lateral esquerdo,Brazil,Sociedade Esportiva Palmeiras,21
Vanderson,Lateral direito,Brazil,AS Monaco,22
Victor Boniface,Centroavante,Nigeria,Bayer 04 Leverkusen,22
Victor Hugo,Meia,Brazil,CR Flamengo,19
Victor Lindelöf,Zagueiro,Sweden,Manchester United,29
Victor Nelsson,Zagueiro,Denmark,Galatasaray,25
Victor Osimhen,Centroavante,Nigeria,SSC Napoli,24
Vinicius Junior,Meia esquerdo,Brazil,Real Madrid,23
Vinicius Kauê,Lateral esquerdo,Brazil,Club Athletico Paranaense,20
Virgil van Dijk,Zagueiro,Netherlands,Liverpool FC,32
Vitinha,Meia,Portugal,Paris Saint-Germain,23
Vitinha,Centroavante,Portugal,Olympique Marseille,23
Vitor Bueno,Meia atacante,Brazil,Club Athletico Paranaense,29
Vitor Eudes,Goleiro,Brazil,Fluminense Football Club,24
Vitor Mendes,Zagueiro,Brazil,Fluminense Football Club,24
Vitor Roque,Centroavante,Brazil,Club Athletico Paranaense,18
Víctor Cantillo,Volante,Colombia,Sport Club Corinthians Paulista,30
Wai-Tsun Dai,Volante,China,Shanghai Shenhua,24
Walce,Zagueiro,Brazil,São Paulo Futebol Clube,24
Waleed Abdullah,Goleiro,Saudi Arabia,Al-Nassr FC,37
Warmed Omari,Zagueiro,France,Stade Rennais FC,23
Warren Zaïre-Emery,Meia,France,Paris Saint-Germain,17
Wataru Endo,Volante,Japan,Liverpool FC,30
Wei Chen,Goleiro,China,Shanghai Port,24
Wei Zhang,Centroavante,China,Shanghai Shenhua,23
Welington,Lateral esquerdo,Brazil,São Paulo Futebol Clube,22
Wellington Rato,Meia atacante,Brazil,São Paulo Futebol Clube,31
Wenjun Lü,Meia esquerdo,China,Shanghai Port,33
Wesley,Lateral direito,Brazil,CR Flamengo,20
Wesley,Meia esquerdo,Brazil,Sport Club Corinthians Paulista,18
Wesley Fofana,Zagueiro,France,Chelsea FC,22
Weston McKennie,Meia,United States,Juventus FC,25
Weverton,Goleiro,Brazil,Sociedade Esportiva Palmeiras,35
Wilfried Singo,Lateral direito,Cote d'Ivoire,AS Monaco,22
Wilfried Zaha,Meia esquerdo,Cote d'Ivoire,Galatasaray,30
Willi Orbán,Zagueiro,Hungary,RB Leipzig,30
William Carvalho,Volante,Portugal,Real Betis Balompié,31
William Saliba,Zagueiro,France,Arsenal FC,22
Willian,Centroavante,Brazil,Club Athletico Paranaense,36
Willian José,Centroavante,Brazil,Real Betis Balompié,31
Wissam Ben Yedder,Centroavante,France,AS Monaco,33
Wojciech Szczesny,Goleiro,Poland,Juventus FC,33
Xaver Schlager,Meia,Austria,RB Leipzig,26
Xavi Simons,Meia direito,Netherlands,RB Leipzig,20
Xi Wu,Meia,China,Shanghai Shenhua,34
Xiaolong Liu,Meia esquerdo,China,Shanghai Port,19
Xin Xu,Meia,China,Shanghai Port,28
Yacine Adli,Meia atacante,France,AC Milan,23
Yangyang Jin,Zagueiro,China,Shanghai Shenhua,30
Yann Bisseck,Zagueiro,Germany,Inter Milan,22
Yann Lienard,Goleiro,France,AS Monaco,20
Yann Sommer,Goleiro,Switzerland,Inter Milan,34
Yannick Gerhardt,Meia,Germany,VfL Wolfsburg,29
Yannis Nahounou,Zagueiro,France,OGC Nice,19
Yasser Al-Shahrani,Lateral esquerdo,Saudi Arabia,Al-Hilal SFC,31
Yaxiong Bao,Goleiro,China,Shanghai Shenhua,26
Yeray Álvarez,Zagueiro,Spain,Athletic Bilbao,28
Yllan Okou,Zagueiro,France,AS Monaco,20
Yony González,Meia direito,Colombia,Fluminense Football Club,29
Yoshinori Muto,Centroavante,Japan,Vissel Kobe,31
Yoshio Koizumi,Meia atacante,Japan,Urawa Red Diamonds,26
Yota Horiuchi,Midfield,Japan,Urawa Red Diamonds,18
Youcef Atal,Lateral direito,Algeria,OGC Nice,27
Yougang Xu,Lateral direito,China,Shanghai Shenhua,27
Young,Goleiro,Brazil,São Paulo Futebol Clube,21
Youssouf Fofana,Meia,France,AS Monaco,24
Youssouf Ndayishimiye,Volante,Burundi,OGC Nice,24
Youssouf Sabaly,Lateral direito,Senegal,Real Betis Balompié,30
Youssoufa Moukoko,Centroavante,Germany,Borussia Dortmund,18
Yue Zhu,Lateral direito,China,Shanghai Shenhua,22
Yuichi Hirano,Volante,Japan,Urawa Red Diamonds,26
Yuki Honda,Zagueiro,Japan,Vissel Kobe,32
Yunding Cao,Left Midfield,China,Shanghai Shenhua,33
Yunus Musah,Meia,United States,AC Milan,20
Yuri Alberto,Centroavante,Brazil,Sport Club Corinthians Paulista,22
Yuri Berchiche,Lateral esquerdo,Spain,Athletic Bilbao,33
Yusei Ozaki,Zagueiro,Japan,Vissel Kobe,20
Yussuf Poulsen,Centroavante,Denmark,RB Leipzig,29
Yuta Miyamoto,Volante,Japan,Urawa Red Diamonds,23
Yuya Nakasaka,Meia atacante,Japan,Vissel Kobe,26
Yuya Osako,Centroavante,Japan,Vissel Kobe,33
Yuya Tsuboi,Goleiro,Japan,Vissel Kobe,24
Zack Steffen,Goleiro,United States,Manchester City,28
Zeki Çelik,Lateral direito,Turkey,AS Roma,26
Zexiang Yang,Lateral direito,China,Shanghai Shenhua,28
Zhen Ma,Goleiro,China,Shanghai Shenhua,25
Zhen Wei,Zagueiro,China,Shanghai Port,25
Zhengkai Zhou,Goleiro,China,Shanghai Shenhua,22
Ziyad Mubarak Al-Johani,Volante,Saudi Arabia,Al-Ahli SFC,21
Zé Ivaldo,Zagueiro,Brazil,Club Athletico Paranaense,26
Zé Rafael,Meia,Brazil,Sociedade Esportiva Palmeiras,30
Álex Berenguer,Meia esquerdo,Spain,Athletic Bilbao,28
Álex Remiro,Goleiro,Spain,Real Sociedad,28
Álvaro Odriozola,Lateral direito,Spain,Real Sociedad,27
Ángel Romero,Meia esquerdo,Paraguay,Sport Club Corinthians Paulista,31
Éder Militão,Zagueiro,Brazil,Real Madrid,25
Éverton Ribeiro,Meia atacante,Brazil,CR Flamengo,34
Óscar de Marcos,Lateral direito,Spain,Athletic Bilbao,34
İlkay Gündoğan,Meia,Germany,FC Barcelona,32
İrfan Can Eğribayat,Goleiro,Turkey,Fenerbahce,25
İrfan Can Kahveci,Meia direito,Turkey,Fenerbahce,28
İsmail Yüksek,Volante,Turkey,Fenerbahce,24
